first_name,last_name,email
Rudolph,Snowding,rsnowding0@123-reg.co.uk
Deanne,Klimkiewich,dklimkiewich1@bloglovin.com
Joel,Joppich,jjoppich2@mail.ru
Wenonah,Wardhough,wwardhough3@webmd.com
Bernarr,Hadeke,bhadeke4@apple.com
Nap,McCarthy,nmccarthy5@pen.io
Rae,Hedge,rhedge6@xing.com
Cass,Ashurst,cashurst7@europa.eu
Curt,Creddon,ccreddon8@springer.com
Tudor,Shippard,tshippard9@nature.com
Christabel,Livett,clivetta@forbes.com
Pavla,Kiloh,pkilohb@samsung.com
Susanetta,Jeandeau,sjeandeauc@sakura.ne.jp
Hughie,Canland,hcanlandd@flavors.me
Jania,Beamond,jbeamonde@wikispaces.com
Heda,Pirnie,hpirnief@ibm.com
Erich,Sanson,esansong@ox.ac.uk
Wright,Sywell,wsywellh@bbc.co.uk
Leticia,Kobera,lkoberai@independent.co.uk
Matt,Guillet,mguilletj@t-online.de
Annamaria,McCrackan,amccrackank@goodreads.com
Shamus,Lauder,slauderl@webs.com
Milt,Myring,mmyringm@skyrock.com
Coriss,Erington,ceringtonn@bloomberg.com
Adela,Southcomb,asouthcombo@hatena.ne.jp
Cloris,Broyd,cbroydp@globo.com
Ole,Chiechio,ochiechioq@uiuc.edu
Max,Mainds,mmaindsr@netscape.com
Daisey,Aldersea,dalderseas@cargocollective.com
Madeline,Porcas,mporcast@bloglovin.com
Justine,Fatscher,jfatscheru@forbes.com
Merline,Focke,mfockev@aol.com
Westbrooke,Borsay,wborsayw@angelfire.com
Hephzibah,Broadbere,hbroadberex@ucoz.com
Huntlee,de Mendoza,hdemendozay@digg.com
Anny,Giottini,agiottiniz@jiathis.com
Shalna,Bouchard,sbouchard10@washingtonpost.com
Owen,Landon,olandon11@slashdot.org
Dennie,Kirkbride,dkirkbride12@addtoany.com
Fey,Wotton,fwotton13@nhs.uk
Dorey,Stopps,dstopps14@geocities.jp
Alie,Paulson,apaulson15@cargocollective.com
Gretna,Edelston,gedelston16@discovery.com
Berny,Ockland,bockland17@intel.com
Martha,Hebble,mhebble18@storify.com
Kean,Goodridge,kgoodridge19@scribd.com
Sybilla,Reyna,sreyna1a@spotify.com
Suzy,Ludovici,sludovici1b@sbwire.com
Penny,Curuclis,pcuruclis1c@prnewswire.com
Lil,Geerdts,lgeerdts1d@flickr.com
Bancroft,Paolo,bpaolo1e@soundcloud.com
Edie,Oliphant,eoliphant1f@linkedin.com
Welch,Bywaters,wbywaters1g@devhub.com
Hart,Perrygo,hperrygo1h@virginia.edu
Ivy,Kikke,ikikke1i@livejournal.com
Guillaume,Gadie,ggadie1j@domainmarket.com
Tanny,Munnis,tmunnis1k@disqus.com
Warner,Gibberd,wgibberd1l@yolasite.com
Reynard,Alexsandrev,ralexsandrev1m@walmart.com
Doralyn,Lardiner,dlardiner1n@godaddy.com
Vince,Jellico,vjellico1o@blogtalkradio.com
Filip,Loosely,floosely1p@jugem.jp
Felike,McBoyle,fmcboyle1q@blogger.com
Bevon,Leafe,bleafe1r@blogger.com
Filippa,Mogie,fmogie1s@webnode.com
Colman,Guilayn,cguilayn1t@intel.com
Joanie,Shuttleworth,jshuttleworth1u@baidu.com
Jeremy,MacGow,jmacgow1v@imageshack.us
Gasper,Antognazzi,gantognazzi1w@youtu.be
Dorothea,Ales0,dales1x@wikispaces.com
Neddie,Cleevely,ncleevely1y@virginia.edu
Ginny,Struthers,gstruthers1z@prweb.com
Konstantine,Rodgman,krodgman20@jimdo.com
Simone,Cossom,scossom21@sbwire.com
Cesya,Willan,cwillan22@dagondesign.com
Edna,Giovannacc@i,egiovannacci23@usda.gov
Joann,Shawdforth,jshawdforth24@blogtalkradio.com
Leodora,Everingham,leveringham25@typepad.com
Ervin,Verty,everty26@parallels.com
Bert,Falkingham,bfalkingham27@shutterfly.com
Chantalle,Hambidge,chambidge28@de.vu
Harriet,Trangmar,htrangmar29@dagondesign.com
Bibby,Jarad,bjarad2a@de.vu
Joell,Flood,jflood2b@ibm.com
Eustace,Hehir,ehehir2c@w3.org
Cordey,Stegel,cstegel2d@eepurl.com
Merralee,Nayshe,mnayshe2e@nhs.uk
Jilly,Amorts,jamorts2f@google.fr
Brocky,Weavers,bweavers2g@indiegogo.com
Pepillo,Baswall,pbaswall2h@theguardian.com
Valle,Aingel,vaingel2i@shareasale.com
Ailyn,Domeney,adomeney2j@hatena.ne.jp
Florie,Treasaden,ftreasaden2k@goodreads.com
Oliver,Brotherhed,obrotherhed2l@networkadvertising.org
Cherianne,Shory,cshory2m@utexas.edu
Lothario,Pullin,lpullin2n@vk.com
Cheri,Arnauduc,carnauduc2o@jalbum.net
Demetrius,Trapp,dtrapp2p@ezinearticles.com
Mile,Halward,mhalward2q@squidoo.com
Keri,Wyper,kwyper2r@phoca.cz
